hotel,recommend,stayed,located,star,hotels,city,the,booked,barcelona,best,modern
resort,beach,food,pool,beautiful,people,vacation,water,day,time,cana,punta
great,location,rooms,staff,clean,value,price,really,friendly,stayed,time,place
good,walk,station,breakfast,location,clean,metro,train,value,city,minutes,bus
room,bed,floor,bathroom,view,night,small,shower,check,booked,large,the
not,did,like,bad,told,service,time,just,people,rooms,star,said
excellent,service,location,restaurant,food,rooms,good,best,stayed,business,quality,staff
nice,good,really,rooms,clean,little,pretty,small,pool,area,breakfast,bit
stay,staff,wonderful,helpful,friendly,perfect,lovely,paris,loved,florence,comfortable,clean
san,parking,car,juan,free,street,inn,place,francisco,seattle,stay,area
